client,build,plan,step,at,scene,tier,canvas,pixelRatio,source,sampleRate,seconds,frames,fps,p50,p95,p99,max,overBudget,over25,over33,over50,over100,cpuTick,cpuTickP95,cpuTickP99,cpuTickMax,cpuAnalyze,cpuDecodeExperience,cpuRig,cpuPresent,cpuRenderSubmit,callbackLateP50,callbackLateP95,callbackLateMax,hopsPerSecond,maxHopsInOneFrame,heardRmsMs,heardP95Ms,heardP99Ms,heardMaxMs,heardOver4ms,heardOver8ms,clockOffsetRangeMs,clockSnaps,clockSnapMeanMs,experienceNotReadyFrames,gaps,sourceSwitchMs,ipcFetches,drawCalls,triangles,points,lines,passes,layers,geometries,textures,programs,gpuMedianMs,gpuMaxMs,allocKbPerFrame,allocKbPerSecond,collections,heapStartKb,heapEndKb,dspLoad,dspQuality,analysisMode
tauri,dev (debug),T0-smoke2,smoke-sys-tunnel-low,2026-10-09T14:29:17.598Z,Infinite Tunnel,low,640x336,0.5,system,48000,8.01,268,33.46,25,54,93,121,213,122,70,18,2,16.672,29,38,47,10.963,1.675,0.474,0.243,2.201,15,30,47,187.3,34,3.423,5.725,13.381,24.66,37,8,28.502,5,4.15,0,0,,771,4,10754,420,0,3,1,3,4,5,,,,,,,,,,
tauri,dev (debug),D1-userconfig,D-mic-tunnel-high (user config),2026-10-09T14:39:13.928Z,Infinite Tunnel,high,1280x673,1,microphone,48000,30.01,544,18.13,45,118,264,662,532,490,411,206,41,22.982,47,74,94,12.897,2.939,0.55,0.301,5.094,19,47,94,188.8,189,15.713,12.774,40.832,325.382,129,54,260.083,13,13.656,8,0,,2566,17,61455,1200,0,4,1,3,15,12,,,,,,,,,,
tauri,dev (debug),D1-userconfig,D-mic-tunnel-low,2026-10-09T14:39:44.639Z,Infinite Tunnel,low,640x336,0.5,microphone,48000,20,743,37.14,22,57,103,139,443,257,129,48,8,14.489,25,36,67,9.458,1.182,0.37,0.219,2.233,13,25,68,187.9,32,2.807,5.081,11.606,31.642,61,14,29.902,12,3.941,0,0,,1968,4,10754,420,0,3,1,3,4,5,,,,,,,,,,
tauri,dev (debug),D2-mic,D-mic-tunnel-high (user config),2026-10-09T14:54:18.576Z,Infinite Tunnel,high,1280x673,1,microphone,48000,30.01,685,22.82,40,77,111,200,673,644,527,140,11,19.761,35,50,78,10.858,2.009,0.438,0.255,5.146,18,35,79,188,34,4.347,6.839,17.654,40.157,95,26,27.119,11,7.258,0,0,,2984,17,61455,1200,0,4,1,3,15,12,,,,,,,,,,
tauri,dev (debug),D2-mic,D-mic-tunnel-low,2026-10-09T14:54:49.258Z,Infinite Tunnel,low,640x336,0.5,microphone,48000,20.02,831,41.51,21,47,77,129,444,206,90,29,3,13.935,22,31,52,9.301,0.936,0.344,0.211,2.233,13,22,52,187.8,28,2.097,3.87,8.075,16.081,39,10,33.714,19,3.061,0,0,,2190,4,10754,420,0,3,1,3,4,5,,,,,,,,,,
tauri,dev (debug),D2-mic,D-mic-tunnel-high-trackinfo-hidden,2026-10-09T14:55:21.716Z,Infinite Tunnel,high,1280x673,1,microphone,48000,20.02,460,22.98,39,82,132,491,444,410,335,79,11,18.204,30,43,65,10.889,1.872,0.38,0.22,4.848,17,30,65,187.6,94,3.936,7.076,14.048,43.907,65,15,50.91,11,4.293,3,0,,1910,17,61455,1200,0,4,1,3,15,12,,,,,,,,,,
tauri,dev (debug),D3-fake,D-fake-tunnel-high,2026-10-09T14:59:27.635Z,Infinite Tunnel,high,1280x673,1,fake,48000,25.03,675,26.97,38,47,59,87,654,612,521,21,0,15.81,25,33,52,8.732,1.29,0.332,0.164,4.304,15,25,53,187.8,18,1.741,2.576,5.169,29.987,11,2,0.75,2,0.378,0,0,,0,17,61455,1200,0,4,1,3,15,12,,,,,,,,0.18488849320924822,2,worker-timer
tauri,dev (debug),D3-fake,D-fake-tunnel-low,2026-10-09T14:59:58.190Z,Infinite Tunnel,low,640x336,0.5,fake,48000,20.01,925,46.22,18,41,68,197,287,173,99,26,2,14.899,29,44,66,9.852,0.936,0.374,0.198,2.496,13,29,66,187,39,1.776,3.786,7.319,14.475,45,6,0.983,13,0.206,0,0,,0,4,10754,420,0,3,1,3,4,5,,,,,,,,0.3361363889450785,2,worker-timer
tauri,dev+pulseaudio-opt3,P1-userconfig,P-mic-tunnel-high (user config),2026-10-09T15:03:28.103Z,Infinite Tunnel,high,1280x673,1,microphone,48000,30,640,21.33,41,90,135,198,637,600,480,193,24,17.102,27,39,50,8.859,1.88,0.378,0.22,4.755,16,27,50,187.8,52,3.615,6.489,11.79,31.054,76,21,48.995,48,4.227,0,0,,5750,17,61455,1200,0,4,1,3,15,12,,,,,,,,,,
tauri,dev+pulseaudio-opt3,P1-userconfig,P-mic-tunnel-low,2026-10-09T15:03:58.744Z,Infinite Tunnel,low,640x336,0.5,microphone,48000,20.01,722,36.09,22,62,115,265,415,223,123,57,14,12.668,20,27,43,7.856,1.024,0.33,0.202,2.324,12,20,43,187.7,43,2.322,4.537,10.861,17.186,40,17,31.569,21,4.824,0,0,,3774,4,10754,420,0,3,1,3,4,5,,,,,,,,,,
tauri,dev+pulseaudio-opt3,P1-userconfig,P-sys-tunnel-high,2026-10-09T15:04:31.837Z,Infinite Tunnel,high,1280x673,1,system,48000,20,338,16.9,51,130,177,202,337,332,296,172,32,20.728,36,64,88,10.68,2.612,0.429,0.257,5.577,18,36,88,187,54,7.013,11.373,33.473,52.523,84,34,51.482,17,11.417,0,0,523,3394,17,61455,1200,0,4,1,3,15,12,,,,,,,,,,
tauri,dev+pulseaudio-opt3,P1-userconfig,P-fake-tunnel-high,2026-10-09T15:05:05.118Z,Infinite Tunnel,high,1280x673,1,fake,48000,20,504,25.19,38,51,73,158,504,498,451,31,1,16.72,29,39,70,9.157,1.52,0.325,0.165,4.476,15,29,70,188,20,2.726,4.082,7.494,46.844,28,4,0,0,0,0,0,630,0,17,61455,1200,0,4,1,3,15,12,,,,,,,,0.21087188607744498,2,worker-timer
tauri,dev+pulseaudio-opt3,P1-userconfig,P-mic-again-tunnel-high,2026-10-09T15:05:39.501Z,Infinite Tunnel,high,1280x673,1,microphone,48000,20,454,22.7,39,80,134,253,439,414,331,101,15,15.773,23,32,40,8.593,1.555,0.363,0.211,4.115,15,23,41,187.9,38,3.245,4.329,8.824,51.069,25,5,29.782,21,2.932,0,0,191,3807,17,61455,1200,0,4,1,3,15,12,,,,,,,,,,
tauri,dev+pulseaudio-opt3,P2-scenes-high,P-tunnel-high,2026-10-09T15:06:38.645Z,Infinite Tunnel,high,1280x673,1,microphone,48000,14.04,229,16.31,49,138,177,211,218,202,182,111,32,19.511,36,61,72,10.218,2.533,0.376,0.197,4.913,17,36,72,188,47,7.314,13.342,24.902,69.75,54,23,106.684,14,13.864,0,0,,2313,17,61455,1200,0,4,1,3,15,12,,,,,,,,,,
tauri,dev+pulseaudio-opt3,P2-scenes-high,P-galaxy-high,2026-10-09T15:07:04.204Z,Galaxy,high,1280x673,1,microphone,48000,14.02,277,19.76,39,109,165,223,273,262,195,89,16,18.029,31,47,86,9.26,1.942,0.462,0.303,5.13,16,31,94,190.1,57,9.131,9.867,26.547,125.625,64,26,82.684,22,8.349,0,0,,2470,16,15,40000,0,4,1,2,16,11,,,,,,,,,,
tauri,dev+pulseaudio-opt3,P2-scenes-high,P-liquid-high,2026-10-09T15:07:29.779Z,Liquid,high,1280x673,1,microphone,48000,14.02,245,17.48,50,114,150,196,245,243,227,117,15,19.535,32,42,58,9.518,2.078,0.392,0.212,6.229,18,33,58,188.7,53,6.113,9.15,23.317,60.541,43,17,94.758,16,9.848,0,0,,2460,18,19,0,0,5,1,2,20,13,,,,,,,,,,
tauri,dev+pulseaudio-opt3,P2-scenes-high,P-oscilloscope-high,2026-10-09T15:07:55.416Z,Oscilloscope,high,1280x673,1,microphone,48000,14.02,274,19.54,43,106,176,247,274,270,223,87,14,17.777,31,42,109,9.106,2.109,0.292,0.139,5.077,16,31,110,190.4,49,8.563,9.555,40.281,103.379,39,20,106.192,22,7.289,0,0,,2664,21,4751,0,0,5,1,5,16,13,,,,,,,,,,
tauri,dev+pulseaudio-opt3,P2-scenes-high,P-particle-field-high,2026-10-09T15:08:20.879Z,Particle Field,high,1280x673,1,microphone,48000,14.03,390,27.8,31,73,103,169,372,309,160,39,5,15.105,21,30,47,8.208,1.162,0.318,0.2,4.29,15,21,47,188.6,28,2.997,4.053,11.384,32.576,21,6,31.807,16,6.619,0,0,,2703,16,15,60000,0,4,1,2,16,11,,,,,,,,,,
tauri,dev+pulseaudio-opt3,P2-scenes-high,P-resonant-field-high,2026-10-09T15:08:46.451Z,Resonant Field,high,1280x673,1,microphone,48000,14.02,280,19.97,41,112,168,200,279,268,192,88,20,17.493,34,42,81,9.539,1.818,0.386,0.232,4.582,16,34,81,187.6,38,6.924,7.284,25.478,93.004,37,12,51.488,11,10.786,0,0,,2540,16,15,9409,0,4,1,2,13,11,,,,,,,,,,
tauri,dev+pulseaudio-opt3,P2-scenes-high,P-spectral-matter-high,2026-10-09T15:09:12.549Z,Spectral Matter,high,1280x673,1,microphone,48000,14.05,226,16.08,57,114,154,192,226,225,208,133,24,21.522,34,56,91,9.372,2.159,0.389,0.239,8.42,19,34,91,188.8,43,14.226,8.509,13.73,206.093,37,13,43.791,17,5.678,0,0,,2620,23,36056,96096,21021,5,1,4,25,16,,,,,,,,,,
tauri,dev+pulseaudio-opt3,P2-scenes-high,P-spectrum-high,2026-10-09T15:09:38.074Z,Spectrum,high,1280x673,1,microphone,48000,14.02,329,23.46,37,89,120,156,319,289,205,65,9,15.903,24,36,49,8.523,1.419,0.356,0.185,4.498,15,24,49,188.5,45,2.656,5.007,6.959,24.851,28,1,16.938,23,1.581,0,0,,2711,16,17,0,0,4,1,2,15,11,,,,,,,,,,
tauri,dev+pulseaudio-opt3,P2-scenes-high,P-matter-field-high,2026-10-09T15:10:03.674Z,Matter Field,high,1280x673,1,microphone,48000,14.07,228,16.21,55,119,176,215,228,228,226,145,19,21.526,32,43,61,8.785,2.092,0.364,0.18,9.031,20,32,61,187.2,32,7.914,4.937,8.717,113.342,21,4,26.213,15,3.096,0,0,,2686,27,22525,60148,29949,5,1,9,26,21,,,,,,,,,,
tauri,dev+pulseaudio-opt3,P2-scenes-high,P-spectral-shell-high,2026-10-09T15:10:29.163Z,Spectral Shell,high,1280x673,1,microphone,48000,14,268,19.14,46,102,141,169,268,266,238,98,14,18.537,26,45,54,8.951,1.94,0.373,0.187,6.026,18,26,54,188.4,32,5.173,5.856,32.116,46.661,32,11,65.935,16,8.62,0,0,,2670,23,20,16000,17152,5,1,4,25,16,,,,,,,,,,
tauri,dev+pulseaudio-opt3,P2-scenes-high,P-vector-field-high,2026-10-09T15:10:55.006Z,Vector Field,high,1280x673,1,microphone,48000,14.13,192,13.59,63,168,247,299,192,192,181,128,29,22.042,40,56,65,10.203,3.208,0.427,0.224,6.859,19,40,67,186.9,58,10.778,22.001,52.202,59.631,68,32,115.332,22,10.687,0,0,,2366,23,20,36096,40896,5,1,4,22,16,,,,,,,,,,
tauri,dev+pulseaudio-opt3,P3-crossfade,P-crossfade-6-scenes-every-5s,2026-10-09T15:11:56.079Z,Galaxy,high,1280x673,1,microphone,48000,45,715,15.89,48,149,242,679,702,681,582,323,90,23.017,38,133,514,9.136,2.144,0.442,0.28,10.024,18,38,514,187.8,120,10.215,12.572,49.302,165.083,134,58,189.081,59,11.223,2,0,,8302,,,,,,,3,15,12,,,,,,,,,,
tauri,dev+pulseaudio-opt3,P4-auto,P-tunnel-quality-auto-100s,2026-10-09T15:12:06.203Z,Infinite Tunnel,high,1280x673,1,microphone,48000,2.03,48,23.62,39,72,93,93,48,48,37,8,0,16.458,22,24,24,9.146,1.521,0.354,0.208,4.354,16,22,24,199.3,21,5.023,4.177,32.128,32.128,4,1,6.76,2,3.38,0,0,,394,,,,,,,3,15,12,,,,,,,,,,
tauri,dev+pulseaudio-opt3,P4-auto,P-tunnel-quality-auto-100s,2026-10-09T15:13:46.325Z,Infinite Tunnel,low,640x336,0.5,microphone,48000,100.01,3465,34.65,22,65,123,269,2009,1242,751,314,62,12.916,21,31,154,7.875,0.981,0.328,0.201,2.623,12,21,154,187.5,41,2.505,3.861,9.007,48.316,155,44,118.539,133,4.525,0,0,,18876,4,10754,420,0,3,1,3,4,5,,,,,,,,,,
tauri,dev+pulseaudio-opt3,P5-long,P-long-session-user-config-10min,2026-10-09T15:24:02.094Z,Infinite Tunnel,high,1280x673,1,microphone,48000,600.05,20481,34.13,25,57,96,366,16421,10106,3969,1414,170,10.055,18,27,136,4.956,0.81,0.253,0.147,3.224,9,18,136,187.5,93,1.931,2.983,6.729,58.739,579,149,163.527,669,2.557,1,0,,117567,17,61455,1200,0,4,1,3,15,12,,,,,,,,,,
browser,chromium-headless,B1-scenes,B-tunnel-low,2026-10-09T15:25:59.839Z,Infinite Tunnel,low,640x360,0.5,fake,48000,12.08,482,39.89,16.67,49.99,66.67,100,199,199,28,11,0,13.588,29.06,51.31,74.58,9.285,1.754,0.375,0.201,1.599,20.75,46.37,97.26,187.6,21,7.738,13.236,35.046,43.546,261,118,0.26,16,0.02,0,0,331,0,4,10754,420,0,3,1,3,4,5,6.08,19.04,83.44,3328.3,5,45857,33224,0.4343413460851211,2,worker-timer
browser,chromium-headless,B1-scenes,B-galaxy-low,2026-10-09T15:26:22.136Z,Galaxy,low,640x360,0.5,fake,48000,12.02,539,44.86,16.67,33.33,50,66.67,168,168,12,3,0,11.537,25.66,40.99,50.53,8.332,1.263,0.283,0.168,1.286,18.38,38.03,76.4,187.9,17,6.037,12.492,14.795,35.225,228,102,0.129,16,0.023,0,0,,0,3,2,14000,0,3,1,2,5,4,3.17,7.5,67.58,3031.2,3,37310,37557,0.1849268865833072,2,worker-timer
browser,chromium-headless,B1-scenes,B-liquid-low,2026-10-09T15:26:44.315Z,Liquid,low,640x360,0.5,fake,48000,12.02,538,44.77,16.67,33.33,33.34,66.67,177,177,5,1,0,10.704,17.64,25.29,45.06,7.505,1.184,0.298,0.157,1.349,19.19,30.86,73.58,187.7,12,6.472,11.888,17.252,27.585,283,122,0.1,12,0.025,0,0,,0,3,4,0,0,3,1,2,6,4,4.14,9.29,66.83,2992.4,3,40863,40642,0.23265990300661177,2,worker-timer
browser,chromium-headless,B1-scenes,B-oscilloscope-low,2026-10-09T15:27:06.507Z,Oscilloscope,low,640x360,0.5,fake,48000,12.02,541,45.02,16.67,33.33,50,66.67,165,165,13,2,0,11.219,20.38,35.49,51.28,7.816,1.177,0.291,0.169,1.531,19.59,34.06,68.31,187.8,14,6.282,12.591,17.198,23.466,241,117,0.104,13,0.019,0,0,,0,8,4738,0,0,4,1,5,5,6,1.49,5.37,63.5,2859.1,4,48076,49646,0.27338429078739646,2,worker-timer
browser,chromium-headless,B1-scenes,B-particle-field-low,2026-10-09T15:27:28.913Z,Particle Field,low,640x360,0.5,fake,48000,12.02,579,48.19,16.67,33.33,33.33,50,138,138,4,0,0,9.982,15.05,25.77,41.33,7.171,1.055,0.255,0.147,1.129,17.82,29.61,58.67,187.9,10,5.937,12.323,15.159,27.831,251,107,0.097,14,0.023,0,0,,0,3,2,21000,0,3,1,2,5,4,1.15,4.84,64.75,3119.8,2,48890,36816,0.2172616321279491,2,worker-timer
browser,chromium-headless,B1-scenes,B-resonant-field-low,2026-10-09T15:27:51.166Z,Resonant Field,low,640x360,0.5,fake,48000,12.02,612,50.93,16.67,33.33,33.33,66.67,104,104,4,1,0,9.558,15.52,22.47,52.98,7.007,0.927,0.249,0.145,1.038,16.66,28.43,61.53,188,10,5.007,12.015,14.68,23.397,188,80,0.108,17,0.02,0,0,,0,3,2,3364,0,3,1,2,2,4,1.18,4.35,65.51,3336.4,2,45316,34299,0.16402146199015413,2,worker-timer
browser,chromium-headless,B1-scenes,B-spectral-matter-low,2026-10-09T15:28:13.552Z,Spectral Matter,low,640x360,0.5,fake,48000,12.02,470,39.11,16.67,50,66.67,83.33,208,208,35,6,0,13.768,32.14,42.03,63.35,9.092,1.609,0.348,0.2,2.234,20.2,47.56,86.47,187.9,26,6.986,13.478,22.489,27.94,239,102,0.077,15,0.018,0,0,,0,4,3,33672,0,3,1,2,11,5,4.54,11.35,73.03,2856.7,2,50404,44504,0.23059745050087962,2,worker-timer
browser,chromium-headless,B1-scenes,B-spectrum-low,2026-10-09T15:28:35.811Z,Spectrum,low,640x360,0.5,fake,48000,12.03,499,41.47,16.67,33.33,50.01,66.67,199,199,20,5,0,11.729,23.75,36.4,58.62,8.417,1.404,0.29,0.174,1.201,19.56,39.97,76.54,187.8,18,7.565,13.381,31.865,49.478,273,117,0.141,13,0.02,0,0,,0,3,4,0,0,3,1,2,4,4,4.63,6.89,65.01,2696,3,46246,33149,0.2289098335155008,2,worker-timer
browser,chromium-headless,B1-scenes,B-matter-field-low,2026-10-09T15:28:58.137Z,Matter Field,low,640x360,0.5,fake,48000,12.02,533,44.36,16.67,33.33,49.99,50.01,182,182,6,1,0,10.795,16.47,27.22,38.61,7.009,1.07,0.251,0.142,2.099,18.66,30,54.76,187.7,11,6.917,12.485,18.751,23.069,304,135,0.104,17,0.015,0,0,,0,10,4,21070,6066,3,1,7,12,10,4.79,12.21,72.28,3206.3,2,42443,45187,0.21787479359586814,2,worker-timer
browser,chromium-headless,B1-scenes,B-spectral-shell-low,2026-10-09T15:29:20.368Z,Spectral Shell,low,640x360,0.5,fake,48000,12.03,567,47.12,16.67,33.33,50,66.67,141,141,11,3,0,10.167,19.16,31.75,49.63,6.937,1.075,0.233,0.133,1.559,17.42,32.75,76.18,187.7,16,6.394,12.674,16.962,42.76,226,109,0.111,21,0.017,0,0,,0,7,4,5616,5696,3,1,4,11,7,3.97,6.39,69.27,3264.1,2,52099,47913,0.21131373787936616,2,worker-timer
browser,chromium-headless,B1-scenes,B-vector-field-low,2026-10-09T15:29:42.667Z,Vector Field,low,640x360,0.5,fake,48000,12.02,573,47.69,16.67,33.33,49.99,66.66,140,140,6,2,0,10.357,16.12,30.38,44.27,7.285,1.071,0.242,0.146,1.398,18.13,28.5,65.78,187.7,10,6.073,12.195,15.746,30.434,245,109,0.132,18,0.021,0,0,,0,6,3,12656,13776,3,1,4,8,7,1.6,7.29,67.64,3225.2,2,46465,35951,0.1743550586563475,2,worker-timer
browser,chromium-headless,B1-scenes,B-tunnel-medium,2026-10-09T15:30:05.170Z,Infinite Tunnel,medium,960x540,0.75,fake,48000,12.03,312,25.93,33.33,50,66.67,66.67,303,303,101,12,0,12.492,21.61,29.82,47.25,7.591,1.783,0.276,0.149,2.455,19.84,36.89,66.33,188.1,17,8.243,14.508,26.227,39.726,170,96,0.113,16,0.018,0,0,,0,17,25807,780,0,4,1,3,15,12,21.44,27.35,81,2100.3,2,48968,42559,0.16744834245936752,2,worker-timer
browser,chromium-headless,B1-scenes,B-galaxy-medium,2026-10-09T15:30:27.389Z,Galaxy,medium,960x540,0.75,fake,48000,12.03,318,26.43,33.33,50,66.67,83.33,301,301,91,11,0,17.231,34.75,50.64,69.27,10.862,2.347,0.366,0.188,3.123,25.49,51.92,97.08,188.8,29,8.839,15.427,30.228,51.751,183,97,0.106,13,0.024,0,0,,0,16,15,26000,0,4,1,2,16,11,15.23,23.04,76.68,2026.4,3,42530,39258,0.2508396259258923,2,worker-timer
browser,chromium-headless,B1-scenes,B-liquid-medium,2026-10-09T15:30:49.648Z,Liquid,medium,960x540,0.75,fake,48000,12.02,338,28.13,33.33,50,66.67,66.67,309,309,70,6,0,11.009,18.13,44.88,51.85,6.561,1.553,0.249,0.141,2.256,17.95,32.51,79.68,188.4,17,7.63,13.211,31.076,47.866,152,84,0.081,17,0.014,0,0,,0,16,17,0,0,4,1,2,17,11,20.08,24.44,74.94,2107.9,2,34103,31923,0.17016898424953347,2,worker-timer
browser,chromium-headless,B1-scenes,B-oscilloscope-medium,2026-10-09T15:31:11.786Z,Oscilloscope,medium,960x540,0.75,fake,48000,12.05,333,27.64,33.33,50,50.01,66.66,313,313,76,6,0,11.06,17.09,27.62,36.88,6.606,1.402,0.258,0.142,2.417,18.24,30.05,54.35,188,13,6.922,13.189,15.975,36.657,161,87,0.099,14,0.018,0,0,,0,21,4751,0,0,5,1,5,16,13,21.96,25.63,74.58,2061.2,1,57453,53518,0.16140926603991426,2,worker-timer
browser,chromium-headless,B1-scenes,B-particle-field-medium,2026-10-09T15:31:33.977Z,Particle Field,medium,960x540,0.75,fake,48000,12.03,389,32.33,33.33,33.34,50,66.67,313,313,19,2,0,10.381,15.32,23.92,35.24,6.48,1.257,0.241,0.137,2.039,19.06,27.99,59.35,188.1,18,6.258,11.989,14.66,38.7,186,80,0.061,21,0.01,0,0,,0,16,15,39000,0,4,1,2,16,11,16.72,24.88,71.23,2302.8,4,61305,33432,0.20256586650049688,2,worker-timer
browser,chromium-headless,B1-scenes,B-resonant-field-medium,2026-10-09T15:31:56.182Z,Resonant Field,medium,960x540,0.75,fake,48000,12.03,394,32.74,33.33,49.99,50,50.01,302,302,26,1,0,11.109,18.08,28.91,37.58,7.052,1.369,0.271,0.158,2.044,19.74,30.65,51.39,188.2,12,7.346,12.746,19.084,40.788,241,118,0.064,16,0.015,0,0,,0,16,15,6084,0,4,1,2,13,11,17.28,19.67,73.8,2416.4,2,34045,32616,0.18092844927787827,2,worker-timer
browser,chromium-headless,B1-scenes,B-spectral-matter-medium,2026-10-09T15:32:18.441Z,Spectral Matter,medium,960x540,0.75,fake,48000,12.03,257,21.36,49.99,66.66,66.67,66.67,257,257,188,25,0,11.639,16.6,19.06,22.06,6.44,1.74,0.244,0.135,2.864,19.03,29.43,39.13,188.3,18,7.881,13.425,16.672,60.761,155,69,0.097,14,0.019,0,0,,0,23,11738,62496,5467,5,1,4,25,16,28.91,38.79,89.65,1914.8,1,43113,42183,0.18546075240982038,2,worker-timer
browser,chromium-headless,B1-scenes,B-spectrum-medium,2026-10-09T15:32:40.556Z,Spectrum,medium,960x540,0.75,fake,48000,12.03,302,25.1,33.33,50,66.66,100,298,298,116,10,0,13.822,26.26,32.28,44.67,8.5,2.028,0.335,0.197,2.522,22.42,42.17,82.82,187.9,18,8.582,15.199,32.736,38.367,172,93,0.058,16,0.015,0,0,,0,16,17,0,0,4,1,2,15,11,20.91,24.15,78.26,1964.1,2,66027,61972,0.24131923112396028,2,worker-timer
browser,chromium-headless,B1-scenes,B-matter-field-medium,2026-10-09T15:33:02.809Z,Matter Field,medium,960x540,0.75,fake,48000,12.02,258,21.47,49.99,66.67,66.67,83.33,257,257,186,21,0,12.896,19.58,37.92,44.97,6.936,1.964,0.284,0.155,3.313,21.07,32.95,64.18,188.3,18,7.397,13.139,18.805,49.634,159,60,0.078,17,0.013,0,0,,0,28,7328,39086,14289,5,1,9,26,21,30.16,37.44,90.83,1950.3,1,42528,52234,0.1603239922634093,2,worker-timer
browser,chromium-headless,B1-scenes,B-spectral-shell-medium,2026-10-09T15:33:24.974Z,Spectral Shell,medium,960x540,0.75,fake,48000,12.05,317,26.31,33.33,50,50,66.67,312,312,92,3,0,11.47,17.76,20.56,29.28,6.589,1.463,0.258,0.145,2.79,19.75,33.35,43.19,188.1,18,7.207,13.697,17.249,46.645,164,78,0.061,16,0.01,0,0,,0,23,20,10400,10144,5,1,4,25,16,21.64,26.33,81.68,2148.8,3,49343,44790,0.19521764703606667,2,worker-timer
browser,chromium-headless,B1-scenes,B-vector-field-medium,2026-10-09T15:33:47.134Z,Vector Field,medium,960x540,0.75,fake,48000,12.03,288,23.93,33.33,50,66.67,66.67,286,286,143,12,0,11.962,16.66,21.55,32.93,6.81,1.647,0.267,0.146,2.852,20.1,31.83,57.37,188.1,16,7.488,13.376,22.899,33.908,177,79,0.058,13,0.015,0,0,,0,22,19,23408,26008,5,1,4,22,16,23.49,29.17,83.5,1998.5,1,47356,44105,0.19211240702580026,2,worker-timer
browser,chromium-headless,B1-scenes,B-tunnel-high,2026-10-09T15:34:09.510Z,Infinite Tunnel,high,1280x720,1,fake,48000,12.02,234,19.47,50,66.67,83.33,99.99,233,233,208,47,0,13.437,32.01,45.44,87.58,7.657,2.678,0.309,0.142,2.327,20,46.04,95.64,188.2,30,10.282,15.91,48.477,61.923,126,64,0.122,20,0.012,0,0,,0,17,61455,1200,0,4,1,3,15,12,32.22,41.85,87.54,1704.7,2,49097,38371,0.17478642109200543,2,worker-timer
browser,chromium-headless,B1-scenes,B-galaxy-high,2026-10-09T15:34:31.717Z,Galaxy,high,1280x720,1,fake,48000,12.03,292,24.27,33.33,50,66.67,66.67,290,290,135,10,0,10.84,17.93,27.58,33.63,6.562,1.767,0.238,0.131,1.949,18.32,32.38,54.38,188.2,21,7.206,11.678,19.698,39.829,160,72,0.083,16,0.015,0,0,,0,16,15,40000,0,4,1,2,16,11,27.08,33.67,78.3,1900,2,44704,39865,0.14693791604973144,2,worker-timer
browser,chromium-headless,B1-scenes,B-liquid-high,2026-10-09T15:34:53.843Z,Liquid,high,1280x720,1,fake,48000,12.02,204,16.98,66.66,83.32,83.33,100,204,204,197,107,0,17.067,36.4,53.21,57.01,9.636,3.385,0.336,0.176,3.266,24.21,52.38,75.86,188.2,22,9.098,17.709,22.896,42.976,126,72,0.096,15,0.015,0,0,,0,18,19,0,0,5,1,2,20,13,40.84,44.4,91.09,1546.4,2,61656,51744,0.2034301141419408,2,worker-timer
browser,chromium-headless,B1-scenes,B-oscilloscope-high,2026-10-09T15:35:16.068Z,Oscilloscope,high,1280x720,1,fake,48000,12.03,253,21.03,49.99,66.67,66.67,66.67,253,253,189,30,0,12.938,24.28,38.88,45.47,7.498,2.09,0.298,0.154,2.652,20.65,37.33,63.64,188.2,18,7.457,12.724,17.16,44.772,153,68,0.076,17,0.013,0,0,,0,21,4751,0,0,5,1,5,16,13,31.96,35.13,82.56,1735.8,1,53621,50176,0.13643877448690392,2,worker-timer
browser,chromium-headless,B1-scenes,B-particle-field-high,2026-10-09T15:35:38.287Z,Particle Field,high,1280x720,1,fake,48000,12.02,307,25.55,33.33,50,50.01,50.01,304,304,110,5,0,10.708,15.22,22.08,30.32,6.586,1.517,0.264,0.145,2.01,19.1,28.97,44.6,188.3,16,7.031,12.036,16.041,49.897,173,73,0.074,18,0.012,0,0,,0,16,15,60000,0,4,1,2,16,11,25.49,28.16,77.46,1979,2,61901,37438,0.17085990947520507,2,worker-timer
browser,chromium-headless,B1-scenes,B-resonant-field-high,2026-10-09T15:36:00.414Z,Resonant Field,high,1280x720,1,fake,48000,12.03,318,26.43,33.33,50,50.01,66.67,312,312,89,6,0,11.165,18.33,26.93,32.88,6.936,1.606,0.256,0.141,2.006,19.42,33.58,45.06,188.2,13,6.908,13.623,22.201,32.611,156,70,0.066,12,0.015,0,0,,0,16,15,9409,0,4,1,2,13,11,24.27,28.63,78.3,2069.2,2,64037,56221,0.19426445785057417,2,worker-timer
browser,chromium-headless,B1-scenes,B-spectral-matter-high,2026-10-09T15:36:22.624Z,Spectral Matter,high,1280x720,1,fake,48000,12.03,150,12.47,83.33,100,116.66,116.67,150,150,150,148,2,12.375,18.3,26.11,29.25,6.129,2.998,0.264,0.135,2.654,20.45,32.85,45.81,188.7,28,10.352,15.621,26.162,87.226,94,44,0.063,17,0.012,0,0,,0,23,36056,96096,21021,5,1,4,25,16,66.7,75.64,113.83,1418.9,0,44380,61511,0.15049683228977867,2,worker-timer
browser,chromium-headless,B1-scenes,B-spectrum-high,2026-10-09T15:36:44.758Z,Spectrum,high,1280x720,1,fake,48000,12.02,267,22.22,49.99,50,66.66,66.67,267,267,182,11,0,9.399,13.19,15.59,21.19,5.762,1.649,0.203,0.114,1.507,16.66,26.05,37.51,188.2,17,7.023,12.073,18.622,42.849,154,72,0.073,18,0.013,0,0,,0,16,17,0,0,4,1,2,15,11,34.2,40.63,81.35,1807.7,1,55890,53160,0.15804090035476998,2,worker-timer
browser,chromium-headless,B1-scenes,B-matter-field-high,2026-10-09T15:37:07.263Z,Matter Field,high,1280x720,1,fake,48000,12.03,152,12.63,83.33,100,100,133.32,152,152,152,152,1,18.824,37.85,56.85,58.79,9.235,4.426,0.335,0.173,4.365,26.1,52.49,82.6,188.3,31,10.55,18.253,27.742,61.971,103,65,0.109,17,0.019,0,0,,0,28,22526,60148,29949,5,1,9,26,21,58.44,66.53,114.29,1443.7,0,38777,56206,0.21658367518447053,2,worker-timer
browser,chromium-headless,B1-scenes,B-spectral-shell-high,2026-10-09T15:37:29.451Z,Spectral Shell,high,1280x720,1,fake,48000,12.02,235,19.56,50,66.67,66.67,83.32,235,235,210,43,0,12.154,18.93,33.63,44.4,6.737,2.093,0.25,0.134,2.733,19.82,34.44,65.6,188.4,22,7.391,14.411,18.341,46.59,119,57,0.085,20,0.014,0,0,,0,23,20,16000,17152,5,1,4,25,16,35.64,43.01,91.1,1781.6,2,50439,39396,0.15900698184920112,2,worker-timer
browser,chromium-headless,B1-scenes,B-vector-field-high,2026-10-09T15:37:51.664Z,Vector Field,high,1280x720,1,fake,48000,12.05,208,17.26,50,66.67,83.33,83.33,208,208,205,99,0,12.592,22.04,30.43,34.81,6.913,2.353,0.255,0.132,2.67,20.31,36.76,52.82,188.3,20,7.942,13.881,22.498,39.435,114,58,0.108,16,0.016,0,0,,0,23,20,36096,40896,5,1,4,22,16,40.66,52.18,95,1639.9,0,40901,60720,0.2013229607509256,2,worker-timer
browser,chromium-headless,B4-bloom,B-tunnel-high-bloom-on,2026-10-09T15:38:36.806Z,Infinite Tunnel,high,1280x720,1,fake,48000,12.03,238,19.78,50,66.67,66.67,83.33,238,238,208,41,0,12.377,21.26,23.96,28.62,6.846,2.352,0.306,0.151,2.318,20.68,35.38,50.99,188.2,17,7.486,13.839,19.764,39.761,135,67,0.089,12,0.021,0,0,153,0,17,61455,1200,0,4,1,3,15,12,32.43,40.94,124.2,2456.6,5,32667,31455,0.20488323634871827,1,worker-timer
browser,chromium-headless,B4-bloom,B-tunnel-high-bloom-off,2026-10-09T15:38:55.909Z,Infinite Tunnel,high,1280x720,1,fake,48000,12.03,306,25.43,33.33,50,66.67,66.67,301,301,106,10,0,12.082,24.22,36.06,56.54,7.995,1.944,0.296,0.16,1.373,19.84,39.62,79.98,188.2,23,7.99,13.006,22.166,57.607,175,83,0.121,18,0.024,0,0,,0,4,61442,1200,0,3,1,3,15,12,24.81,28.02,85.28,2168.7,2,34910,37510,0.18845955501524725,1,worker-timer
browser,chromium-headless,B4-bloom,B-matter-field-high-bloom-on,2026-10-09T15:39:19.462Z,Matter Field,high,1280x720,1,fake,48000,12.07,151,12.51,83.32,100,183.32,616.64,150,150,149,145,2,23.75,51.06,99.84,614.22,8.69,4.449,0.404,0.155,9.754,26.47,63.3,629.34,188.2,116,13.198,23.391,60.924,64.117,94,51,10.606,24,0.453,0,0,,0,28,22526,60148,29949,5,1,9,26,21,52.13,66.17,153.86,1925.5,2,48507,48455,0.17435068166514195,2,worker-timer
browser,chromium-headless,B4-bloom,B-matter-field-high-bloom-off,2026-10-09T15:39:38.642Z,Matter Field,high,1280x720,1,fake,48000,12.05,201,16.68,66.66,66.67,83.33,83.33,201,201,200,116,0,12.461,19.51,24.57,31.63,6.737,2.506,0.301,0.138,2.567,21.28,32.78,42.81,188.6,27,8.653,13.599,16.454,57.415,138,70,0.082,15,0.012,0,0,,0,15,22513,60148,29949,4,1,9,26,21,43.21,48.89,109.03,1818.7,1,42120,52670,0.22245776650756738,2,worker-timer
browser,chromium-headless,B4-bloom,B-tunnel-medium-bloom-on,2026-10-09T15:40:02.189Z,Infinite Tunnel,medium,960x540,0.75,fake,48000,12.03,328,27.26,33.33,50,50,66.67,317,317,76,3,0,10.657,16.49,25.5,27.27,6.58,1.502,0.291,0.139,1.915,18.49,30.58,45.22,188.2,16,6.59,12.671,16.744,31.926,147,79,0.067,22,0.011,0,0,,0,17,25807,780,0,4,1,3,15,12,21.86,27.4,81.93,2233.3,2,36250,39545,0.15641709902013967,2,worker-timer
browser,chromium-headless,B4-bloom,B-tunnel-medium-bloom-off,2026-10-09T15:40:21.320Z,Infinite Tunnel,medium,960x540,0.75,fake,48000,12.03,430,35.74,33.33,33.33,49.99,50,285,285,7,0,0,9.109,12.93,15.16,27.89,6.311,1.128,0.241,0.134,1.08,17.06,26.43,51.56,188,13,7.06,12.142,14.341,40.635,285,107,0.116,19,0.014,0,0,,0,4,25794,780,0,3,1,3,15,12,15.01,20.83,69.26,2475,2,39027,44618,0.15416927344919146,2,worker-timer
browser,chromium-headless,B2-crossfade,B-crossfade-scenes-every-5s,2026-10-09T15:41:36.733Z,Galaxy,high,1280x720,1,fake,48000,45.05,692,15.36,50,100,349.99,1499.94,685,685,567,271,31,23.785,36.51,310.97,1479.65,7.916,3.209,0.38,0.183,11.761,23.33,54.9,1509.16,187.7,281,11.762,18.149,53.534,118.291,427,220,11.922,63,0.347,0,0,194,0,,,,,,,3,15,12,,,227.39,3493,12,35116,62365,0.15995190341511878,2,worker-timer
browser,chromium-headless,B3-auto,B-tunnel-high-1080p,2026-10-09T15:42:15.396Z,Infinite Tunnel,high,1920x1080,1,fake,48000,12.02,137,11.4,83.33,100,116.66,116.67,137,137,137,137,5,15.208,28.01,37.63,45.76,7.239,4.213,0.434,0.208,2.688,23.46,44.65,65.18,189,36,11.752,16.257,21.379,94.401,90,52,0.052,17,0.013,0,0,237,0,17,61455,1200,0,4,1,3,15,12,65.68,72.39,175.51,2001,4,36205,37346,0.22448183954243228,1,worker-timer
browser,chromium-headless,B3-auto,B-matter-field-high-1080p,2026-10-09T15:42:38.685Z,Matter Field,high,1920x1080,1,fake,48000,12.03,156,12.96,83.33,100,100,100,156,156,150,131,0,15.023,34.2,54.78,58.39,6.488,2.786,0.377,0.183,4.824,23.47,52.29,83.07,188.7,31,11.111,17.228,28.478,85.345,103,57,0.067,15,0.011,0,0,,0,28,22526,60148,29949,5,1,9,26,21,65.9,73.63,159.95,2073.7,2,48382,50100,0.19408687714101153,1,worker-timer
browser,chromium-headless,B3-auto,B-tunnel-quality-auto-110s-1080p,2026-10-09T15:44:33.078Z,Infinite Tunnel,low,960x540,0.5,fake,48000,110.01,4900,44.54,16.67,33.33,66.67,216.66,1430,1430,116,61,21,6.224,10.27,17.19,215.54,4.043,0.693,0.192,0.104,1.023,13.56,23.47,225.4,188,79,7.029,11.928,14.075,221.981,2597,1090,0.092,146,0.01,0,0,,0,4,10754,420,0,3,1,3,4,5,4.57,8.83,69.67,3103.2,22,68185,45157,0.1011757571526742,1,worker-timer
browser,chromium-headless,B3-auto,B-matter-field-quality-auto-110s-1080p,2026-10-09T15:44:41.606Z,Matter Field,high,1920x1080,1,fake,48000,1.08,14,12.92,83.33,100,100,100,14,14,12,12,0,10.714,13.36,13.36,13.36,4.425,2.06,0.27,0.117,3.621,19.27,25,25,218.8,41,49.954,185.748,185.748,185.748,8,4,0.02,2,0.011,0,0,,0,,,,,,,7,26,19,,,134.63,1739.9,0,42040,43952,0.12337159957028954,1,worker-timer
browser,chromium-headless,B3-auto,B-matter-field-quality-auto-110s-1080p,2026-10-09T15:46:31.704Z,Matter Field,low,960x540,0.5,fake,48000,110.01,4739,43.08,16.67,33.33,83.33,333.32,1452,1452,150,109,11,6.959,10.88,17.08,341.98,3.931,0.681,0.181,0.101,1.894,14.15,23.89,347.68,187.7,65,6.558,11.925,13.892,81.791,2705,1140,2.12,166,0.023,0,0,,0,10,4,21070,6066,3,1,7,12,10,3.69,5.79,79.19,3411.2,16,44426,41188,0.11387001259004026,1,worker-timer
browser,chromium-headless,B5-multi,B-tunnel-direction-auto(hybrid)-70s,2026-10-09T15:48:02.623Z,Infinite Tunnel,high,1280x720,1,fake,48000,70.01,2136,30.51,33.33,50,50,83.33,1757,1757,305,19,0,8.08,14.45,21.7,34.33,4.532,1.154,0.255,0.133,1.752,16.22,28.11,49.49,187.6,13,6.035,12.66,15.914,41.795,876,388,0.104,91,0.013,0,0,177,0,17,61455,1200,0,4,1,3,15,12,23.91,27.71,94.43,2881,21,31155,33629,0.14542612385243256,0,worker-timer
browser,chromium-headless,B5-multi,B-rig-free-70s,2026-10-09T15:49:18.714Z,Resonant Field,high,1280x720,1,fake,48000,70.01,2178,31.11,33.33,50,50,466.65,1720,1720,274,14,1,7.676,12.58,19.84,466.51,4.274,0.941,0.247,0.129,1.893,15.58,26.45,477.83,187.5,87,6.155,12.427,15.773,59.236,915,432,2.242,95,0.036,0,0,,0,16,15,9409,0,4,1,2,13,11,17.08,21.93,81.67,2540.5,12,36672,57361,0.20323384899503225,0,worker-timer
browser,chromium-headless,B5-multi,restore,2026-10-09T15:49:24.905Z,Infinite Tunnel,high,1280x720,1,fake,48000,1.05,27,25.72,33.33,50,66.67,66.67,26,26,9,1,0,10.849,19.98,25.17,25.17,6.305,1.246,0.371,0.201,2.536,18.32,32.9,33.29,199.1,20,16.359,16.911,77.164,77.164,18,7,0.05,2,0.034,0,0,,0,,,,,,,3,15,12,,,88.83,2284.2,0,68904,71316,0.19981407883112767,0,worker-timer
browser,chromium-headless,B6-long,B-long-session-tunnel-high-8min,2026-10-09T15:57:48.335Z,Infinite Tunnel,high,1280x720,1,fake,48000,480.05,10860,22.62,49.99,66.67,83.33,133.33,9815,9815,5924,2173,5,12.348,25.8,39.01,101.07,7.324,2.067,0.301,0.161,2.241,20.34,40.38,133.7,187.5,39,7.492,14.456,20.268,54.553,5868,2988,0.272,641,0.017,0,0,207,0,17,61455,1200,0,4,1,3,15,12,36.4,42.71,83.71,1893.9,57,37877,37665,0.22955815127305346,2,worker-timer
browser,chromium-headless,B7-regime,B7-tunnel-low,2026-10-09T16:08:28.406Z,Infinite Tunnel,low,640x360,0.5,fake,48000,15.02,894,59.54,16.67,16.67,16.67,33.33,7,7,0,0,0,6.159,9.95,17.09,24.58,4.081,0.627,0.197,0.111,0.923,6.99,15.84,33.63,187.7,8,2.219,4.26,8.829,17.422,49,11,0.095,23,0.011,0,0,210,0,4,10754,420,0,3,1,3,4,5,1.1,1.11,70.81,4215.7,8,35390,38303,0.13508153665074515,0,worker-timer
browser,chromium-headless,B7-regime,B7-tunnel-high,2026-10-09T16:08:53.579Z,Infinite Tunnel,high,1280x720,1,fake,48000,15.03,463,30.8,33.33,50,50,50,364,364,75,0,0,7.63,11.48,14.65,17.03,4.365,0.972,0.247,0.13,1.729,15.52,24.42,32.24,187.5,10,5.717,12.562,15.561,18.905,197,79,0.042,17,0.008,0,0,,0,17,61455,1200,0,4,1,3,15,12,22.87,29.69,78.62,2421.5,4,49262,44052,0.14013062893354455,0,worker-timer
